name	address
nani	0x000000000000dD366cc2E4432bB998e41DFD47C7
alchemy_modular_account	0x000000000019d2Ee9F2729A65AfE20bb0020AefC
alchemy_light_account	0x0000000000400CdFef5E2714E63d8040b700BC24
biconomy_nexus	0x000000226cada0d8b36034F5D5c06855F59F6F3A
biconomy_nexus	0x00000024115AA990F0bAE0B6b0D5B8F68b684cd6
alchemy_light_account	0x000000893A26168158fbeaDD9335Be5bC96592E2
biconomy	0x000000a56Aaca3e9a4C479ea6b6CD0DbcB6634F5
alchemy_modular_account	0x000000e92D78D90000007F0082006FDA09BD5f11
biconomy	0x000000F9eE1842Bb72F6BBDD75E6D3d4e3e9594C
biconomy_nexus	0x00000bb19a3579F4D779215dEf97AFbd0e30DB55
alchemy_light_account	0x00004EC70002a32400f8ae005A26081065620D20
coinbase_smart_wallet	0x0BA5ED0c6AA8c49038F819E587E2633c4A9F428a
simpleaccount	0x15Ba39375ee2Ab563E8873C8390be6f2E2F50232
zerodev_kernel	0x19B03a419124B77A7659a0fDab7903C6f40183E5
circle	0x1a1f5310eD7fF0B84Cef7E6d7D0f94Cc16D23013
thirdweb_default	0x1b3259EEF2C5C2F80F0a47796EE3FEa82F9e6f66
ambire	0x26cE6745A633030A6faC5e64e41D21fb6246dc2d
lumx	0x2E1C14DaADeFc4a85eaec81dACbA27CD455A0B66
zerodev_kernel	0x33DDF684dcc6937FfE59D8405aA80c41fB518C5c
grindery	0x37EA5D6bAA4e9038d6A7c7d859FA106Da50eff06
beam_simple_account	0x3fB7476CA9b424cFf1156267EcA49eb878dB0B80
safe	0x4e1DCf7AD4e460CfD30791CCC4F9c8a4f820ec67
zerodev_kernel	0x4E4946298614FC299B50c947289F4aD0572CB9ce
thirdweb_managed_account	0x5A644CE7FD32fa94491B7A51FafB8Bc4b3D694Bb
solady	0x5d82735936c6Cd5DE57cC3c1A799f6B2E6F933Df
zerodev_kernel_v2	0x5de4839a76cf55d0c90e2061ef4386d962E15ae3
trust_wallet	0x729c310186a57833f622630a16d13f710b83272a
etherspot	0x7f6d8F107fE8551160BD5351d5F1514A6aD5d40E
thirdweb_default	0x85e23b94e7F5E9cC1fF78BCe78cfb15B81f0DF00
banana	0x8e5ffc77D0906618A8Ed73dB34f92Ea0251B327b
splits	0x8E6Af8Ed94E87B4402D0272C5D6b0D47F0483e7C
alchemy_light_account	0x8E8e658E22B12ada97B402fF0b044D6A325013C7
simpleaccount	0x91E60e0613810449d098b0b5Ec8b51A0FE8c8985
simpleaccount	0x9406Cc6185a346906296840746125a0E44976454
kinto_access_registry	0xA7384185a6428e6B0D33199256fE67b6fA5D8e40
ambire	0xA8202f888B9B2Dfa5CeB2204865018133F6F179a
zerodev_kernel	0xAEE9762ce625E0a8F7b184670fB57C37BFE1d0f1
polynomial	0xb43c0899ECCf98BC7A0f3e2c2A211d6fc4f9b3fE
candide	0xb73Eb505Abc30d0e7e15B73A492863235B3F4309
ambire	0xBf07a0Df119Ca234634588fbDb5625594E2a5BCA
alchemy_light_account	0xc1B2fC4197c9187853243E6e4eb5A4aF8879a1c0
alchemy_modular_account	0xd2c27F9eE8E4355f71915ffD5568cB3433b6823D
zerodev_kernel_v3	0xd703aaE79538628d27099B8c4f621bE4CCd142d5
thirdweb_default	0xD771615c873ba5a2149D5312448cE01D677Ee48A
fun.xyz	0xda2bA73E0Dd91d8bBb72Dc10655B691295BDf985
circle	0xf61023061ed45fa9eAC4D2670649cE1FD37ce536
blocto	0xF7cCFaee69cD8A0B3a62C2A0f35F95cC7e588183
circle	0xFEF1c57185393f456eAEca363a0D3C12cd8DF07b
biconomy_nexus	0x2828A0E0f36d8d8BeAE95F00E2BbF235e4230fAc
biconomy	0xb3f15a44F91A08a93A11c6Fbf6a4933C623275FE
alchemy_modular_account	0x00000000000017c61b5bEe81050EC8eFc9c6fecd
zerodev_kernel_v3	0xaac5D4240AF87249B3f71BC8E4A2cae074A3E419